<?xml version="1.0" encoding="UTF-8"?>
<extension type="component" method="upgrade">
	<name>com_actionlogs</name>
	<author>Joomla! Project</author>
	<creationDate>2018-05</creationDate>
	<copyright>(C) 2018 Open Source Matters, Inc.</copyright>
	<license>GNU General Public License version 2 or later; see LICENSE.txt</license>
	<authorEmail>admin@joomla.org</authorEmail>
	<authorUrl>www.joomla.org</authorUrl>
	<version>3.9.0</version>
	<description>COM_ACTIONLOGS_XML_DESCRIPTION</description>
	<namespace path="src">Joomla\Component\Actionlogs</namespace>
	<administration>
		<menu>COM_ACTIONLOGS</menu>
		<files folder="admin">
			<file>actionlogs.xml</file>
			<file>config.xml</file>
			<folder>forms</folder>
			<folder>services</folder>
			<folder>src</folder>
			<folder>tmpl</folder>
		</files>
		<languages folder="admin">
			<language tag="en-GB">language/en-GB/com_actionlogs.ini</language>
			<language tag="en-GB">language/en-GB/com_actionlogs.sys.ini</language>
		</languages>
	</administration>
</extension>
